title,slug,category,meta_title,meta_description,keywords,excerpt,image,is_published,content_html
"Как выбрать VPN для России в 2026 году: скорость, стабильность и защита от блокировок",kak-vybrat-vpn-dlya-rossii-2026,Гайды,"Как выбрать VPN для России в 2026 году: скорость, стабильность и защита от блокировок","Подробно разбираем, как выбрать VPN для России в 2026 году: какие протоколы работают стабильнее, как проверять скорость, поддержку устройств и устойчивость к блокировкам.","VPN для России, лучший VPN 2026, VPN без блокировок, быстрый VPN, стабильный VPN","Подробно разбираем, как выбрать VPN для России в 2026 году: какие протоколы работают стабильнее, как проверять скорость, поддержку устройств и устойчивость к блокировкам.",/img/blog/blog-1.jpg,1,"<h2>Почему эта тема важна</h2>
<p>Как выбрать VPN для России в 2026 году: скорость, стабильность и защита от блокировок — это тема, которая напрямую влияет на то, насколько комфортно пользователь будет работать с VPN каждый день. В категории «Гайды» особенно важно не ограничиваться рекламными обещаниями, а смотреть на практику: как сервис подключается в часы пик, как ведёт себя на мобильной сети и домашнем Wi‑Fi, насколько быстро открываются сайты, видео и мессенджеры. Главная цель грамотной настройки состоит в том, чтобы соединение было одновременно быстрым, предсказуемым и устойчивым к ограничениям провайдера. Если подойти к вопросу системно, можно избежать типичных ошибок, когда VPN вроде бы установлен, но не решает ключевую задачу — стабильный и безопасный доступ к нужным ресурсам.</p>
<p>Как выбрать VPN для России в 2026 году: скорость, стабильность и защита от блокировок — это тема, которая напрямую влияет на то, насколько комфортно пользователь будет работать с VPN каждый день. В категории «Гайды» особенно важно не ограничиваться рекламными обещаниями, а смотреть на практику: как сервис подключается в часы пик, как ведёт себя на мобильной сети и домашнем Wi‑Fi, насколько быстро открываются сайты, видео и мессенджеры. На практике качество подключения зависит от протокола, загруженности сервера, корректности DNS-настроек и того, поддерживает ли устройство современный VPN-клиент. Если подойти к вопросу системно, можно избежать типичных ошибок, когда VPN вроде бы установлен, но не решает ключевую задачу — стабильный и безопасный доступ к нужным ресурсам.</p>
<h2>Какие ошибки совершают чаще всего</h2>
<p>Как выбрать VPN для России в 2026 году: скорость, стабильность и защита от блокировок — это тема, которая напрямую влияет на то, насколько комфортно пользователь будет работать с VPN каждый день. В категории «Гайды» особенно важно не ограничиваться рекламными обещаниями, а смотреть на практику: как сервис подключается в часы пик, как ведёт себя на мобильной сети и домашнем Wi‑Fi, насколько быстро открываются сайты, видео и мессенджеры. Именно поэтому полезно оценивать сервис не по одному рекламному тезису, а по совокупности факторов: инфраструктуре, поддержке, понятности инструкций и прозрачности конфигурации. Если подойти к вопросу системно, можно избежать типичных ошибок, когда VPN вроде бы установлен, но не решает ключевую задачу — стабильный и безопасный доступ к нужным ресурсам.</p>
<p>Как выбрать VPN для России в 2026 году: скорость, стабильность и защита от блокировок — это тема, которая напрямую влияет на то, насколько комфортно пользователь будет работать с VPN каждый день. В категории «Гайды» особенно важно не ограничиваться рекламными обещаниями, а смотреть на практику: как сервис подключается в часы пик, как ведёт себя на мобильной сети и домашнем Wi‑Fi, насколько быстро открываются сайты, видео и мессенджеры. Для пользователей из России особое значение имеет устойчивость к блокировкам, потому что хороший VPN должен не только шифровать трафик, но и сохранять доступ к привычным сервисам без постоянных ручных действий. Если подойти к вопросу системно, можно избежать типичных ошибок, когда VPN вроде бы установлен, но не решает ключевую задачу — стабильный и безопасный доступ к нужным ресурсам.</p>
<h2>Практические рекомендации по настройке</h2>
<p>Как выбрать VPN для России в 2026 году: скорость, стабильность и защита от блокировок — это тема, которая напрямую влияет на то, насколько комфортно пользователь будет работать с VPN каждый день. В категории «Гайды» особенно важно не ограничиваться рекламными обещаниями, а смотреть на практику: как сервис подключается в часы пик, как ведёт себя на мобильной сети и домашнем Wi‑Fi, насколько быстро открываются сайты, видео и мессенджеры. Если ориентироваться на реальные сценарии — работа, обучение, стриминг, игры и поездки — становится понятно, какие функции действительно полезны, а какие остаются второстепенными. Если подойти к вопросу системно, можно избежать типичных ошибок, когда VPN вроде бы установлен, но не решает ключевую задачу — стабильный и безопасный доступ к нужным ресурсам.</p>
<p>Как выбрать VPN для России в 2026 году: скорость, стабильность и защита от блокировок — это тема, которая напрямую влияет на то, насколько комфортно пользователь будет работать с VPN каждый день. В категории «Гайды» особенно важно не ограничиваться рекламными обещаниями, а смотреть на практику: как сервис подключается в часы пик, как ведёт себя на мобильной сети и домашнем Wi‑Fi, насколько быстро открываются сайты, видео и мессенджеры. Дополнительно стоит учитывать, насколько легко перенести настройки на другое устройство, подключить семью или команду и быстро получить помощь при сбоях. Если подойти к вопросу системно, можно избежать типичных ошибок, когда VPN вроде бы установлен, но не решает ключевую задачу — стабильный и безопасный доступ к нужным ресурсам.</p>
<h2>Как получить лучший результат в повседневном использовании</h2>
<p>Как выбрать VPN для России в 2026 году: скорость, стабильность и защита от блокировок — это тема, которая напрямую влияет на то, насколько комфортно пользователь будет работать с VPN каждый день. В категории «Гайды» особенно важно не ограничиваться рекламными обещаниями, а смотреть на практику: как сервис подключается в часы пик, как ведёт себя на мобильной сети и домашнем Wi‑Fi, насколько быстро открываются сайты, видео и мессенджеры. Хорошая практика — заранее проверять несколько серверов и протоколов, чтобы иметь резервный вариант на случай перегрузки, сетевых ограничений или сезонных всплесков трафика. Если подойти к вопросу системно, можно избежать типичных ошибок, когда VPN вроде бы установлен, но не решает ключевую задачу — стабильный и безопасный доступ к нужным ресурсам.</p>
<p>Как выбрать VPN для России в 2026 году: скорость, стабильность и защита от блокировок — это тема, которая напрямую влияет на то, насколько комфортно пользователь будет работать с VPN каждый день. В категории «Гайды» особенно важно не ограничиваться рекламными обещаниями, а смотреть на практику: как сервис подключается в часы пик, как ведёт себя на мобильной сети и домашнем Wi‑Fi, насколько быстро открываются сайты, видео и мессенджеры. Такой подход делает использование VPN не разовой мерой, а устойчивой частью вашей цифровой инфраструктуры, где безопасность сочетается с удобством и высокой скоростью. Если подойти к вопросу системно, можно избежать типичных ошибок, когда VPN вроде бы установлен, но не решает ключевую задачу — стабильный и безопасный доступ к нужным ресурсам.</p>
<h2>Короткий чек-лист</h2>
<ul class=""knowledge-list"">
<li>Проверяйте несколько серверов и не привязывайтесь к одному варианту.</li>
<li>Сравнивайте протоколы по скорости, стабильности и совместимости с вашими устройствами.</li>
<li>Следите за корректностью DNS, отсутствием утечек IP и работой приложений в фоновом режиме.</li>
<li>Храните под рукой резервную инструкцию и актуальную ссылку на подключение через Telegram-бота.</li>
</ul>
<p>Если нужна быстрая помощь с подключением, настройкой клиента или подбором протокола под конкретное устройство, используйте Telegram-бот Supervisor VPN. Это позволяет быстрее получить рабочую конфигурацию и не тратить время на долгий ручной подбор параметров.</p>"
Почему VPN замедляет интернет и как вернуть высокую скорость соединения,pochemu-vpn-zamedlyaet-internet,Скорость,Почему VPN замедляет интернет и как вернуть высокую скорость соединения,"Разбираем реальные причины падения скорости при использовании VPN и показываем, как восстановить быстрый и стабильный доступ к сайтам, сервисам и стримингу.","VPN медленный интернет, ускорить VPN, скорость VPN, почему VPN тормозит","Разбираем реальные причины падения скорости при использовании VPN и показываем, как восстановить быстрый и стабильный доступ к сайтам, сервисам и стримингу.",/img/hero-globe.png,1,"<h2>Почему эта тема важна</h2>
<p>Почему VPN замедляет интернет и как вернуть высокую скорость соединения — это тема, которая напрямую влияет на то, насколько комфортно пользователь будет работать с VPN каждый день. В категории «Скорость» особенно важно не ограничиваться рекламными обещаниями, а смотреть на практику: как сервис подключается в часы пик, как ведёт себя на мобильной сети и домашнем Wi‑Fi, насколько быстро открываются сайты, видео и мессенджеры. Главная цель грамотной настройки состоит в том, чтобы соединение было одновременно быстрым, предсказуемым и устойчивым к ограничениям провайдера. Если подойти к вопросу системно, можно избежать типичных ошибок, когда VPN вроде бы установлен, но не решает ключевую задачу — стабильный и безопасный доступ к нужным ресурсам.</p>
<p>Почему VPN замедляет интернет и как вернуть высокую скорость соединения — это тема, которая напрямую влияет на то, насколько комфортно пользователь будет работать с VPN каждый день. В категории «Скорость» особенно важно не ограничиваться рекламными обещаниями, а смотреть на практику: как сервис подключается в часы пик, как ведёт себя на мобильной сети и домашнем Wi‑Fi, насколько быстро открываются сайты, видео и мессенджеры. На практике качество подключения зависит от протокола, загруженности сервера, корректности DNS-настроек и того, поддерживает ли устройство современный VPN-клиент. Если подойти к вопросу системно, можно избежать типичных ошибок, когда VPN вроде бы установлен, но не решает ключевую задачу — стабильный и безопасный доступ к нужным ресурсам.</p>
<h2>Какие ошибки совершают чаще всего</h2>
<p>Почему VPN замедляет интернет и как вернуть высокую скорость соединения — это тема, которая напрямую влияет на то, насколько комфортно пользователь будет работать с VPN каждый день. В категории «Скорость» особенно важно не ограничиваться рекламными обещаниями, а смотреть на практику: как сервис подключается в часы пик, как ведёт себя на мобильной сети и домашнем Wi‑Fi, насколько быстро открываются сайты, видео и мессенджеры. Именно поэтому полезно оценивать сервис не по одному рекламному тезису, а по совокупности факторов: инфраструктуре, поддержке, понятности инструкций и прозрачности конфигурации. Если подойти к вопросу системно, можно избежать типичных ошибок, когда VPN вроде бы установлен, но не решает ключевую задачу — стабильный и безопасный доступ к нужным ресурсам.</p>
<p>Почему VPN замедляет интернет и как вернуть высокую скорость соединения — это тема, которая напрямую влияет на то, насколько комфортно пользователь будет работать с VPN каждый день. В категории «Скорость» особенно важно не ограничиваться рекламными обещаниями, а смотреть на практику: как сервис подключается в часы пик, как ведёт себя на мобильной сети и домашнем Wi‑Fi, насколько быстро открываются сайты, видео и мессенджеры. Для пользователей из России особое значение имеет устойчивость к блокировкам, потому что хороший VPN должен не только шифровать трафик, но и сохранять доступ к привычным сервисам без постоянных ручных действий. Если подойти к вопросу системно, можно избежать типичных ошибок, когда VPN вроде бы установлен, но не решает ключевую задачу — стабильный и безопасный доступ к нужным ресурсам.</p>
<h2>Практические рекомендации по настройке</h2>
<p>Почему VPN замедляет интернет и как вернуть высокую скорость соединения — это тема, которая напрямую влияет на то, насколько комфортно пользователь будет работать с VPN каждый день. В категории «Скорость» особенно важно не ограничиваться рекламными обещаниями, а смотреть на практику: как сервис подключается в часы пик, как ведёт себя на мобильной сети и домашнем Wi‑Fi, насколько быстро открываются сайты, видео и мессенджеры. Если ориентироваться на реальные сценарии — работа, обучение, стриминг, игры и поездки — становится понятно, какие функции действительно полезны, а какие остаются второстепенными. Если подойти к вопросу системно, можно избежать типичных ошибок, когда VPN вроде бы установлен, но не решает ключевую задачу — стабильный и безопасный доступ к нужным ресурсам.</p>
<p>Почему VPN замедляет интернет и как вернуть высокую скорость соединения — это тема, которая напрямую влияет на то, насколько комфортно пользователь будет работать с VPN каждый день. В категории «Скорость» особенно важно не ограничиваться рекламными обещаниями, а смотреть на практику: как сервис подключается в часы пик, как ведёт себя на мобильной сети и домашнем Wi‑Fi, насколько быстро открываются сайты, видео и мессенджеры. Дополнительно стоит учитывать, насколько легко перенести настройки на другое устройство, подключить семью или команду и быстро получить помощь при сбоях. Если подойти к вопросу системно, можно избежать типичных ошибок, когда VPN вроде бы установлен, но не решает ключевую задачу — стабильный и безопасный доступ к нужным ресурсам.</p>
<h2>Как получить лучший результат в повседневном использовании</h2>
<p>Почему VPN замедляет интернет и как вернуть высокую скорость соединения — это тема, которая напрямую влияет на то, насколько комфортно пользователь будет работать с VPN каждый день. В категории «Скорость» особенно важно не ограничиваться рекламными обещаниями, а смотреть на практику: как сервис подключается в часы пик, как ведёт себя на мобильной сети и домашнем Wi‑Fi, насколько быстро открываются сайты, видео и мессенджеры. Хорошая практика — заранее проверять несколько серверов и протоколов, чтобы иметь резервный вариант на случай перегрузки, сетевых ограничений или сезонных всплесков трафика. Если подойти к вопросу системно, можно избежать типичных ошибок, когда VPN вроде бы установлен, но не решает ключевую задачу — стабильный и безопасный доступ к нужным ресурсам.</p>
<p>Почему VPN замедляет интернет и как вернуть высокую скорость соединения — это тема, которая напрямую влияет на то, насколько комфортно пользователь будет работать с VPN каждый день. В категории «Скорость» особенно важно не ограничиваться рекламными обещаниями, а смотреть на практику: как сервис подключается в часы пик, как ведёт себя на мобильной сети и домашнем Wi‑Fi, насколько быстро открываются сайты, видео и мессенджеры. Такой подход делает использование VPN не разовой мерой, а устойчивой частью вашей цифровой инфраструктуры, где безопасность сочетается с удобством и высокой скоростью. Если подойти к вопросу системно, можно избежать типичных ошибок, когда VPN вроде бы установлен, но не решает ключевую задачу — стабильный и безопасный доступ к нужным ресурсам.</p>
<h2>Короткий чек-лист</h2>
<ul class=""knowledge-list"">
<li>Проверяйте несколько серверов и не привязывайтесь к одному варианту.</li>
<li>Сравнивайте протоколы по скорости, стабильности и совместимости с вашими устройствами.</li>
<li>Следите за корректностью DNS, отсутствием утечек IP и работой приложений в фоновом режиме.</li>
<li>Храните под рукой резервную инструкцию и актуальную ссылку на подключение через Telegram-бота.</li>
</ul>
<p>Если нужна быстрая помощь с подключением, настройкой клиента или подбором протокола под конкретное устройство, используйте Telegram-бот Supervisor VPN. Это позволяет быстрее получить рабочую конфигурацию и не тратить время на долгий ручной подбор параметров.</p>"
"VLESS, VMess, WireGuard и Shadowsocks: какой протокол выбрать под свои задачи",vless-vmess-wireguard-shadowsocks-sravnenie,Протоколы,"VLESS, VMess, WireGuard и Shadowsocks: какой протокол выбрать под свои задачи","Сравниваем популярные VPN-протоколы по скорости, устойчивости к блокировкам, простоте настройки и совместимости с устройствами.","VLESS, VMess, WireGuard, Shadowsocks, сравнение VPN протоколов","Сравниваем популярные VPN-протоколы по скорости, устойчивости к блокировкам, простоте настройки и совместимости с устройствами.",/img/protocols-schema.png,1,"<h2>Почему эта тема важна</h2>
<p>VLESS, VMess, WireGuard и Shadowsocks: какой протокол выбрать под свои задачи — это тема, которая напрямую влияет на то, насколько комфортно пользователь будет работать с VPN каждый день. В категории «Протоколы» особенно важно не ограничиваться рекламными обещаниями, а смотреть на практику: как сервис подключается в часы пик, как ведёт себя на мобильной сети и домашнем Wi‑Fi, насколько быстро открываются сайты, видео и мессенджеры. Главная цель грамотной настройки состоит в том, чтобы соединение было одновременно быстрым, предсказуемым и устойчивым к ограничениям провайдера. Если подойти к вопросу системно, можно избежать типичных ошибок, когда VPN вроде бы установлен, но не решает ключевую задачу — стабильный и безопасный доступ к нужным ресурсам.</p>
<p>VLESS, VMess, WireGuard и Shadowsocks: какой протокол выбрать под свои задачи — это тема, которая напрямую влияет на то, насколько комфортно пользователь будет работать с VPN каждый день. В категории «Протоколы» особенно важно не ограничиваться рекламными обещаниями, а смотреть на практику: как сервис подключается в часы пик, как ведёт себя на мобильной сети и домашнем Wi‑Fi, насколько быстро открываются сайты, видео и мессенджеры. На практике качество подключения зависит от протокола, загруженности сервера, корректности DNS-настроек и того, поддерживает ли устройство современный VPN-клиент. Если подойти к вопросу системно, можно избежать типичных ошибок, когда VPN вроде бы установлен, но не решает ключевую задачу — стабильный и безопасный доступ к нужным ресурсам.</p>
<h2>Какие ошибки совершают чаще всего</h2>
<p>VLESS, VMess, WireGuard и Shadowsocks: какой протокол выбрать под свои задачи — это тема, которая напрямую влияет на то, насколько комфортно пользователь будет работать с VPN каждый день. В категории «Протоколы» особенно важно не ограничиваться рекламными обещаниями, а смотреть на практику: как сервис подключается в часы пик, как ведёт себя на мобильной сети и домашнем Wi‑Fi, насколько быстро открываются сайты, видео и мессенджеры. Именно поэтому полезно оценивать сервис не по одному рекламному тезису, а по совокупности факторов: инфраструктуре, поддержке, понятности инструкций и прозрачности конфигурации. Если подойти к вопросу системно, можно избежать типичных ошибок, когда VPN вроде бы установлен, но не решает ключевую задачу — стабильный и безопасный доступ к нужным ресурсам.</p>
<p>VLESS, VMess, WireGuard и Shadowsocks: какой протокол выбрать под свои задачи — это тема, которая напрямую влияет на то, насколько комфортно пользователь будет работать с VPN каждый день. В категории «Протоколы» особенно важно не ограничиваться рекламными обещаниями, а смотреть на практику: как сервис подключается в часы пик, как ведёт себя на мобильной сети и домашнем Wi‑Fi, насколько быстро открываются сайты, видео и мессенджеры. Для пользователей из России особое значение имеет устойчивость к блокировкам, потому что хороший VPN должен не только шифровать трафик, но и сохранять доступ к привычным сервисам без постоянных ручных действий. Если подойти к вопросу системно, можно избежать типичных ошибок, когда VPN вроде бы установлен, но не решает ключевую задачу — стабильный и безопасный доступ к нужным ресурсам.</p>
<h2>Практические рекомендации по настройке</h2>
<p>VLESS, VMess, WireGuard и Shadowsocks: какой протокол выбрать под свои задачи — это тема, которая напрямую влияет на то, насколько комфортно пользователь будет работать с VPN каждый день. В категории «Протоколы» особенно важно не ограничиваться рекламными обещаниями, а смотреть на практику: как сервис подключается в часы пик, как ведёт себя на мобильной сети и домашнем Wi‑Fi, насколько быстро открываются сайты, видео и мессенджеры. Если ориентироваться на реальные сценарии — работа, обучение, стриминг, игры и поездки — становится понятно, какие функции действительно полезны, а какие остаются второстепенными. Если подойти к вопросу системно, можно избежать типичных ошибок, когда VPN вроде бы установлен, но не решает ключевую задачу — стабильный и безопасный доступ к нужным ресурсам.</p>
<p>VLESS, VMess, WireGuard и Shadowsocks: какой протокол выбрать под свои задачи — это тема, которая напрямую влияет на то, насколько комфортно пользователь будет работать с VPN каждый день. В категории «Протоколы» особенно важно не ограничиваться рекламными обещаниями, а смотреть на практику: как сервис подключается в часы пик, как ведёт себя на мобильной сети и домашнем Wi‑Fi, насколько быстро открываются сайты, видео и мессенджеры. Дополнительно стоит учитывать, насколько легко перенести настройки на другое устройство, подключить семью или команду и быстро получить помощь при сбоях. Если подойти к вопросу системно, можно избежать типичных ошибок, когда VPN вроде бы установлен, но не решает ключевую задачу — стабильный и безопасный доступ к нужным ресурсам.</p>
<h2>Как получить лучший результат в повседневном использовании</h2>
<p>VLESS, VMess, WireGuard и Shadowsocks: какой протокол выбрать под свои задачи — это тема, которая напрямую влияет на то, насколько комфортно пользователь будет работать с VPN каждый день. В категории «Протоколы» особенно важно не ограничиваться рекламными обещаниями, а смотреть на практику: как сервис подключается в часы пик, как ведёт себя на мобильной сети и домашнем Wi‑Fi, насколько быстро открываются сайты, видео и мессенджеры. Хорошая практика — заранее проверять несколько серверов и протоколов, чтобы иметь резервный вариант на случай перегрузки, сетевых ограничений или сезонных всплесков трафика. Если подойти к вопросу системно, можно избежать типичных ошибок, когда VPN вроде бы установлен, но не решает ключевую задачу — стабильный и безопасный доступ к нужным ресурсам.</p>
<p>VLESS, VMess, WireGuard и Shadowsocks: какой протокол выбрать под свои задачи — это тема, которая напрямую влияет на то, насколько комфортно пользователь будет работать с VPN каждый день. В категории «Протоколы» особенно важно не ограничиваться рекламными обещаниями, а смотреть на практику: как сервис подключается в часы пик, как ведёт себя на мобильной сети и домашнем Wi‑Fi, насколько быстро открываются сайты, видео и мессенджеры. Такой подход делает использование VPN не разовой мерой, а устойчивой частью вашей цифровой инфраструктуры, где безопасность сочетается с удобством и высокой скоростью. Если подойти к вопросу системно, можно избежать типичных ошибок, когда VPN вроде бы установлен, но не решает ключевую задачу — стабильный и безопасный доступ к нужным ресурсам.</p>
<h2>Короткий чек-лист</h2>
<ul class=""knowledge-list"">
<li>Проверяйте несколько серверов и не привязывайтесь к одному варианту.</li>
<li>Сравнивайте протоколы по скорости, стабильности и совместимости с вашими устройствами.</li>
<li>Следите за корректностью DNS, отсутствием утечек IP и работой приложений в фоновом режиме.</li>
<li>Храните под рукой резервную инструкцию и актуальную ссылку на подключение через Telegram-бота.</li>
</ul>
<p>Если нужна быстрая помощь с подключением, настройкой клиента или подбором протокола под конкретное устройство, используйте Telegram-бот Supervisor VPN. Это позволяет быстрее получить рабочую конфигурацию и не тратить время на долгий ручной подбор параметров.</p>"
"VPN для Telegram, YouTube и Discord: как обойти блокировки без потери качества",vpn-dlya-telegram-youtube-discord,Обход блокировок,"VPN для Telegram, YouTube и Discord: как обойти блокировки без потери качества","Практическое руководство по выбору VPN для Telegram, YouTube и Discord с акцентом на голосовую связь, видео и устойчивость соединения.","VPN Telegram, VPN YouTube, VPN Discord, обход блокировок, VPN для мессенджеров","Практическое руководство по выбору VPN для Telegram, YouTube и Discord с акцентом на голосовую связь, видео и устойчивость соединения.",/img/router-keenetic.png,1,"<h2>Почему эта тема важна</h2>
<p>VPN для Telegram, YouTube и Discord: как обойти блокировки без потери качества — это тема, которая напрямую влияет на то, насколько комфортно пользователь будет работать с VPN каждый день. В категории «Обход блокировок» особенно важно не ограничиваться рекламными обещаниями, а смотреть на практику: как сервис подключается в часы пик, как ведёт себя на мобильной сети и домашнем Wi‑Fi, насколько быстро открываются сайты, видео и мессенджеры. Главная цель грамотной настройки состоит в том, чтобы соединение было одновременно быстрым, предсказуемым и устойчивым к ограничениям провайдера. Если подойти к вопросу системно, можно избежать типичных ошибок, когда VPN вроде бы установлен, но не решает ключевую задачу — стабильный и безопасный доступ к нужным ресурсам.</p>
<p>VPN для Telegram, YouTube и Discord: как обойти блокировки без потери качества — это тема, которая напрямую влияет на то, насколько комфортно пользователь будет работать с VPN каждый день. В категории «Обход блокировок» особенно важно не ограничиваться рекламными обещаниями, а смотреть на практику: как сервис подключается в часы пик, как ведёт себя на мобильной сети и домашнем Wi‑Fi, насколько быстро открываются сайты, видео и мессенджеры. На практике качество подключения зависит от протокола, загруженности сервера, корректности DNS-настроек и того, поддерживает ли устройство современный VPN-клиент. Если подойти к вопросу системно, можно избежать типичных ошибок, когда VPN вроде бы установлен, но не решает ключевую задачу — стабильный и безопасный доступ к нужным ресурсам.</p>
<h2>Какие ошибки совершают чаще всего</h2>
<p>VPN для Telegram, YouTube и Discord: как обойти блокировки без потери качества — это тема, которая напрямую влияет на то, насколько комфортно пользователь будет работать с VPN каждый день. В категории «Обход блокировок» особенно важно не ограничиваться рекламными обещаниями, а смотреть на практику: как сервис подключается в часы пик, как ведёт себя на мобильной сети и домашнем Wi‑Fi, насколько быстро открываются сайты, видео и мессенджеры. Именно поэтому полезно оценивать сервис не по одному рекламному тезису, а по совокупности факторов: инфраструктуре, поддержке, понятности инструкций и прозрачности конфигурации. Если подойти к вопросу системно, можно избежать типичных ошибок, когда VPN вроде бы установлен, но не решает ключевую задачу — стабильный и безопасный доступ к нужным ресурсам.</p>
<p>VPN для Telegram, YouTube и Discord: как обойти блокировки без потери качества — это тема, которая напрямую влияет на то, насколько комфортно пользователь будет работать с VPN каждый день. В категории «Обход блокировок» особенно важно не ограничиваться рекламными обещаниями, а смотреть на практику: как сервис подключается в часы пик, как ведёт себя на мобильной сети и домашнем Wi‑Fi, насколько быстро открываются сайты, видео и мессенджеры. Для пользователей из России особое значение имеет устойчивость к блокировкам, потому что хороший VPN должен не только шифровать трафик, но и сохранять доступ к привычным сервисам без постоянных ручных действий. Если подойти к вопросу системно, можно избежать типичных ошибок, когда VPN вроде бы установлен, но не решает ключевую задачу — стабильный и безопасный доступ к нужным ресурсам.</p>
<h2>Практические рекомендации по настройке</h2>
<p>VPN для Telegram, YouTube и Discord: как обойти блокировки без потери качества — это тема, которая напрямую влияет на то, насколько комфортно пользователь будет работать с VPN каждый день. В категории «Обход блокировок» особенно важно не ограничиваться рекламными обещаниями, а смотреть на практику: как сервис подключается в часы пик, как ведёт себя на мобильной сети и домашнем Wi‑Fi, насколько быстро открываются сайты, видео и мессенджеры. Если ориентироваться на реальные сценарии — работа, обучение, стриминг, игры и поездки — становится понятно, какие функции действительно полезны, а какие остаются второстепенными. Если подойти к вопросу системно, можно избежать типичных ошибок, когда VPN вроде бы установлен, но не решает ключевую задачу — стабильный и безопасный доступ к нужным ресурсам.</p>
<p>VPN для Telegram, YouTube и Discord: как обойти блокировки без потери качества — это тема, которая напрямую влияет на то, насколько комфортно пользователь будет работать с VPN каждый день. В категории «Обход блокировок» особенно важно не ограничиваться рекламными обещаниями, а смотреть на практику: как сервис подключается в часы пик, как ведёт себя на мобильной сети и домашнем Wi‑Fi, насколько быстро открываются сайты, видео и мессенджеры. Дополнительно стоит учитывать, насколько легко перенести настройки на другое устройство, подключить семью или команду и быстро получить помощь при сбоях. Если подойти к вопросу системно, можно избежать типичных ошибок, когда VPN вроде бы установлен, но не решает ключевую задачу — стабильный и безопасный доступ к нужным ресурсам.</p>
<h2>Как получить лучший результат в повседневном использовании</h2>
<p>VPN для Telegram, YouTube и Discord: как обойти блокировки без потери качества — это тема, которая напрямую влияет на то, насколько комфортно пользователь будет работать с VPN каждый день. В категории «Обход блокировок» особенно важно не ограничиваться рекламными обещаниями, а смотреть на практику: как сервис подключается в часы пик, как ведёт себя на мобильной сети и домашнем Wi‑Fi, насколько быстро открываются сайты, видео и мессенджеры. Хорошая практика — заранее проверять несколько серверов и протоколов, чтобы иметь резервный вариант на случай перегрузки, сетевых ограничений или сезонных всплесков трафика. Если подойти к вопросу системно, можно избежать типичных ошибок, когда VPN вроде бы установлен, но не решает ключевую задачу — стабильный и безопасный доступ к нужным ресурсам.</p>
<p>VPN для Telegram, YouTube и Discord: как обойти блокировки без потери качества — это тема, которая напрямую влияет на то, насколько комфортно пользователь будет работать с VPN каждый день. В категории «Обход блокировок» особенно важно не ограничиваться рекламными обещаниями, а смотреть на практику: как сервис подключается в часы пик, как ведёт себя на мобильной сети и домашнем Wi‑Fi, насколько быстро открываются сайты, видео и мессенджеры. Такой подход делает использование VPN не разовой мерой, а устойчивой частью вашей цифровой инфраструктуры, где безопасность сочетается с удобством и высокой скоростью. Если подойти к вопросу системно, можно избежать типичных ошибок, когда VPN вроде бы установлен, но не решает ключевую задачу — стабильный и безопасный доступ к нужным ресурсам.</p>
<h2>Короткий чек-лист</h2>
<ul class=""knowledge-list"">
<li>Проверяйте несколько серверов и не привязывайтесь к одному варианту.</li>
<li>Сравнивайте протоколы по скорости, стабильности и совместимости с вашими устройствами.</li>
<li>Следите за корректностью DNS, отсутствием утечек IP и работой приложений в фоновом режиме.</li>
<li>Храните под рукой резервную инструкцию и актуальную ссылку на подключение через Telegram-бота.</li>
</ul>
<p>Если нужна быстрая помощь с подключением, настройкой клиента или подбором протокола под конкретное устройство, используйте Telegram-бот Supervisor VPN. Это позволяет быстрее получить рабочую конфигурацию и не тратить время на долгий ручной подбор параметров.</p>"
Как настроить VPN на Windows 10 и 11 без лишних сложностей,kak-nastroit-vpn-na-windows-10-11,Windows,Как настроить VPN на Windows 10 и 11 без лишних сложностей,"Пошагово объясняем, как настроить VPN на Windows 10 и 11, какой клиент выбрать и что делать, если соединение не поднимается.","VPN Windows 10, VPN Windows 11, настройка VPN Windows, VPN для ПК","Пошагово объясняем, как настроить VPN на Windows 10 и 11, какой клиент выбрать и что делать, если соединение не поднимается.",/img/router-tplink.png,1,"<h2>Почему эта тема важна</h2>
<p>Как настроить VPN на Windows 10 и 11 без лишних сложностей — это тема, которая напрямую влияет на то, насколько комфортно пользователь будет работать с VPN каждый день. В категории «Windows» особенно важно не ограничиваться рекламными обещаниями, а смотреть на практику: как сервис подключается в часы пик, как ведёт себя на мобильной сети и домашнем Wi‑Fi, насколько быстро открываются сайты, видео и мессенджеры. Главная цель грамотной настройки состоит в том, чтобы соединение было одновременно быстрым, предсказуемым и устойчивым к ограничениям провайдера. Если подойти к вопросу системно, можно избежать типичных ошибок, когда VPN вроде бы установлен, но не решает ключевую задачу — стабильный и безопасный доступ к нужным ресурсам.</p>
<p>Как настроить VPN на Windows 10 и 11 без лишних сложностей — это тема, которая напрямую влияет на то, насколько комфортно пользователь будет работать с VPN каждый день. В категории «Windows» особенно важно не ограничиваться рекламными обещаниями, а смотреть на практику: как сервис подключается в часы пик, как ведёт себя на мобильной сети и домашнем Wi‑Fi, насколько быстро открываются сайты, видео и мессенджеры. На практике качество подключения зависит от протокола, загруженности сервера, корректности DNS-настроек и того, поддерживает ли устройство современный VPN-клиент. Если подойти к вопросу системно, можно избежать типичных ошибок, когда VPN вроде бы установлен, но не решает ключевую задачу — стабильный и безопасный доступ к нужным ресурсам.</p>
<h2>Какие ошибки совершают чаще всего</h2>
<p>Как настроить VPN на Windows 10 и 11 без лишних сложностей — это тема, которая напрямую влияет на то, насколько комфортно пользователь будет работать с VPN каждый день. В категории «Windows» особенно важно не ограничиваться рекламными обещаниями, а смотреть на практику: как сервис подключается в часы пик, как ведёт себя на мобильной сети и домашнем Wi‑Fi, насколько быстро открываются сайты, видео и мессенджеры. Именно поэтому полезно оценивать сервис не по одному рекламному тезису, а по совокупности факторов: инфраструктуре, поддержке, понятности инструкций и прозрачности конфигурации. Если подойти к вопросу системно, можно избежать типичных ошибок, когда VPN вроде бы установлен, но не решает ключевую задачу — стабильный и безопасный доступ к нужным ресурсам.</p>
<p>Как настроить VPN на Windows 10 и 11 без лишних сложностей — это тема, которая напрямую влияет на то, насколько комфортно пользователь будет работать с VPN каждый день. В категории «Windows» особенно важно не ограничиваться рекламными обещаниями, а смотреть на практику: как сервис подключается в часы пик, как ведёт себя на мобильной сети и домашнем Wi‑Fi, насколько быстро открываются сайты, видео и мессенджеры. Для пользователей из России особое значение имеет устойчивость к блокировкам, потому что хороший VPN должен не только шифровать трафик, но и сохранять доступ к привычным сервисам без постоянных ручных действий. Если подойти к вопросу системно, можно избежать типичных ошибок, когда VPN вроде бы установлен, но не решает ключевую задачу — стабильный и безопасный доступ к нужным ресурсам.</p>
<h2>Практические рекомендации по настройке</h2>
<p>Как настроить VPN на Windows 10 и 11 без лишних сложностей — это тема, которая напрямую влияет на то, насколько комфортно пользователь будет работать с VPN каждый день. В категории «Windows» особенно важно не ограничиваться рекламными обещаниями, а смотреть на практику: как сервис подключается в часы пик, как ведёт себя на мобильной сети и домашнем Wi‑Fi, насколько быстро открываются сайты, видео и мессенджеры. Если ориентироваться на реальные сценарии — работа, обучение, стриминг, игры и поездки — становится понятно, какие функции действительно полезны, а какие остаются второстепенными. Если подойти к вопросу системно, можно избежать типичных ошибок, когда VPN вроде бы установлен, но не решает ключевую задачу — стабильный и безопасный доступ к нужным ресурсам.</p>
<p>Как настроить VPN на Windows 10 и 11 без лишних сложностей — это тема, которая напрямую влияет на то, насколько комфортно пользователь будет работать с VPN каждый день. В категории «Windows» особенно важно не ограничиваться рекламными обещаниями, а смотреть на практику: как сервис подключается в часы пик, как ведёт себя на мобильной сети и домашнем Wi‑Fi, насколько быстро открываются сайты, видео и мессенджеры. Дополнительно стоит учитывать, насколько легко перенести настройки на другое устройство, подключить семью или команду и быстро получить помощь при сбоях. Если подойти к вопросу системно, можно избежать типичных ошибок, когда VPN вроде бы установлен, но не решает ключевую задачу — стабильный и безопасный доступ к нужным ресурсам.</p>
<h2>Как получить лучший результат в повседневном использовании</h2>
<p>Как настроить VPN на Windows 10 и 11 без лишних сложностей — это тема, которая напрямую влияет на то, насколько комфортно пользователь будет работать с VPN каждый день. В категории «Windows» особенно важно не ограничиваться рекламными обещаниями, а смотреть на практику: как сервис подключается в часы пик, как ведёт себя на мобильной сети и домашнем Wi‑Fi, насколько быстро открываются сайты, видео и мессенджеры. Хорошая практика — заранее проверять несколько серверов и протоколов, чтобы иметь резервный вариант на случай перегрузки, сетевых ограничений или сезонных всплесков трафика. Если подойти к вопросу системно, можно избежать типичных ошибок, когда VPN вроде бы установлен, но не решает ключевую задачу — стабильный и безопасный доступ к нужным ресурсам.</p>
<p>Как настроить VPN на Windows 10 и 11 без лишних сложностей — это тема, которая напрямую влияет на то, насколько комфортно пользователь будет работать с VPN каждый день. В категории «Windows» особенно важно не ограничиваться рекламными обещаниями, а смотреть на практику: как сервис подключается в часы пик, как ведёт себя на мобильной сети и домашнем Wi‑Fi, насколько быстро открываются сайты, видео и мессенджеры. Такой подход делает использование VPN не разовой мерой, а устойчивой частью вашей цифровой инфраструктуры, где безопасность сочетается с удобством и высокой скоростью. Если подойти к вопросу системно, можно избежать типичных ошибок, когда VPN вроде бы установлен, но не решает ключевую задачу — стабильный и безопасный доступ к нужным ресурсам.</p>
<h2>Короткий чек-лист</h2>
<ul class=""knowledge-list"">
<li>Проверяйте несколько серверов и не привязывайтесь к одному варианту.</li>
<li>Сравнивайте протоколы по скорости, стабильности и совместимости с вашими устройствами.</li>
<li>Следите за корректностью DNS, отсутствием утечек IP и работой приложений в фоновом режиме.</li>
<li>Храните под рукой резервную инструкцию и актуальную ссылку на подключение через Telegram-бота.</li>
</ul>
<p>Если нужна быстрая помощь с подключением, настройкой клиента или подбором протокола под конкретное устройство, используйте Telegram-бот Supervisor VPN. Это позволяет быстрее получить рабочую конфигурацию и не тратить время на долгий ручной подбор параметров.</p>"
